# Shoot-on-the-move calibration data,,
# Format: distanceMeters, flywheelRps, projectileSpeedMps
# Replace these placeholder values with measured data.,,
# Measured triples: for each distance, record the flywheel speed setpoint and the actual projectile exit speed.,
distanceMeters,flywheelRps,projectileSpeedMps
1.143,35.03184713,4.583333333
1.5,35.03184713,4.583333333
2.1,39.8089172,5.208333333
2.533,41.40127389,5.416666667
2.719,42.99363057,5.625
3.052,44.58598726,5.833333333
3.1036,44.6,5.835166667
3.2036,46.2,6.0445
3.3786,47.77,6.249908333
3.5196,49.36,6.457933333
3.6216,50.96,6.667266667
3.7856,51.75,6.770625
4.0936,53.34,6.97865
4.3766,54.14012739,7.083333333
4.67,55.73248408,7.291666667
5.025,57.32484076,7.5
5.486,59.7133758,7.8125
6.503,66.87898089,8.75
